Id,SalePrice
1461,126982.625
1462,138787.89
1463,175320.86
1464,187412.23
1465,176938.06
1466,167449.4
1467,159046.22
1468,164750.38
1469,180124.56
1470,128051.11
1471,192536.42
1472,105934.414
1473,104276.195
1474,134412.72
1475,88651.86
1476,336391.56
1477,222899.81
1478,252143.9
1479,276628.28
1480,522442.88
1481,343618.97
1482,205767.27
1483,154142.22
1484,164885.97
1485,181279.97
1486,201013.78
1487,392907.72
1488,229462.98
1489,198694.4
1490,244382.17
1491,187038.05
1492,100580.54
1493,199752.22
1494,252524.78
1495,255801.55
1496,232627.56
1497,170889.47
1498,158294.34
1499,153083.38
1500,148355.19
1501,181615.55
1502,154034.56
1503,299977.1
1504,218222.3
1505,223577.95
1506,186318.7
1507,247093.38
1508,187548.97
1509,154739.1
1510,140560.22
1511,145852.17
1512,156616.88
1513,137881.83
1514,163550.69
1515,198168.03
1516,148982.16
1517,165150.94
1518,119642.516
1519,224152.61
1520,134545.53
1521,135566.06
1522,158435.38
1523,107846.984
1524,123732.61
1525,123179.086
1526,124744.3
1527,107128.14
1528,137454.78
1529,134636.28
1530,188363.22
1531,129074.07
1532,100046.84
1533,174617.45
1534,118030.26
1535,141284.31
1536,102581.984
1537,81296.19
1538,156427.78
1539,179793.48
1540,111179.17
1541,118091.055
1542,127641.414
1543,171498.69
1544,81032.46
1545,104422.266
1546,116694.47
1547,131736.03
1548,118556.79
1549,111141.45
1550,119950.26
1551,118628.22
1552,139720.36
1553,156596.81
1554,110926.055
1555,150860.47
1556,99088.04
1557,128471.27
1558,95694.67
1559,112194.84
1560,120684.03
1561,133961.67
1562,122108.17
1563,124958.17
1564,151855.58
1565,151581.9
1566,224895.7
1567,83259.26
1568,214176.31
1569,136187.22
1570,134767.06
1571,117619.44
1572,144859.77
1573,210609.78
1574,125519.86
1575,275484.72
1576,234780.7
1577,173172.67
1578,131941.56
1579,155623.23
1580,182608.47
1581,171730.27
1582,116291.36
1583,314303.88
1584,204602.1
1585,143021.38
1586,72024.4
1587,100620.05
1588,157770.77
1589,102431.51
1590,123174.805
1591,93899.54
1592,122308.04
1593,116262.695
1594,129278.484
1595,134951.44
1596,213635.6
1597,184443.06
1598,177501.62
1599,162729.6
1600,165423.38
1601,66546.52
1602,115631.49
1603,94655.69
1604,239295.81
1605,230721.66
1606,146785.19
1607,166722.27
1608,191003.22
1609,181971.47
1610,150937.75
1611,132667.58
1612,155344.3
1613,148729.02
1614,133123.72
1615,84145.66
1616,75703.65
1617,89201.54
1618,114489.984
1619,145082.67
1620,170549.95
1621,128465.44
1622,142006.31
1623,252583.31
1624,236513.36
1625,129918.414
1626,150734.7
1627,180668.22
1628,269647.97
1629,175191.53
1630,326631.84
1631,187680.73
1632,224031.25
1633,181775.02
1634,198324.98
1635,175291.72
1636,139869.38
1637,222357.34
1638,185596.38
1639,172041.44
1640,238733.58
1641,169711.69
1642,218441.5
1643,210008.42
1644,221069.5
1645,210224.64
1646,147345.62
1647,144254.0
1648,125536.164
1649,127559.664
1650,119228.734
1651,118247.8
1652,99967.88
1653,99685.5
1654,131250.8
1655,132723.62
1656,130447.94
1657,131414.64
1658,144152.12
1659,108475.34
1660,165508.66
1661,444523.78
1662,400931.72
1663,346729.47
1664,480732.22
1665,245057.56
1666,328084.03
1667,288915.1
1668,289097.1
1669,250320.44
1670,306621.75
1671,284572.94
1672,507508.94
1673,279609.97
1674,238092.12
1675,201447.84
1676,209885.72
1677,202650.22
1678,548804.94
1679,418204.6
1680,294561.66
1681,211382.97
1682,289855.03
1683,185201.06
1684,176747.75
1685,183789.1
1686,172554.4
1687,176482.97
1688,194488.22
1689,195204.55
1690,200834.34
1691,190713.56
1692,241647.48
1693,174528.06
1694,183406.62
1695,159750.86
1696,261635.0
1697,164020.56
1698,373223.97
1699,287235.88
1700,234328.47
1701,255955.69
1702,233194.78
1703,223660.83
1704,279195.4
1705,218982.39
1706,438148.5
1707,206669.14
1708,191271.1
1709,240734.31
1710,216918.64
1711,230211.23
1712,255984.31
1713,267402.88
1714,215142.19
1715,211047.56
1716,170803.25
1717,165026.16
1718,135328.6
1719,203589.66
1720,203349.53
1721,150849.17
1722,130730.53
1723,147639.5
1724,209215.25
1725,241613.19
1726,198709.3
1727,153611.47
1728,183322.5
1729,153364.6
1730,157215.56
1731,129589.44
1732,120950.48
1733,126462.69
1734,122726.99
1735,127723.58
1736,113625.34
1737,332039.84
1738,215262.42
1739,184862.33
1740,222645.88
1741,199712.6
1742,172203.22
1743,171852.55
1744,260800.11
1745,192890.06
1746,197181.47
1747,197745.75
1748,235189.6
1749,140828.03
1750,133256.31
1751,242786.67
1752,113682.88
1753,143801.56
1754,184332.62
1755,169118.89
1756,128561.63
1757,107533.39
1758,136719.72
1759,149588.6
1760,153946.0
1761,146972.56
1762,175169.62
1763,154588.47
1764,108999.805
1765,181244.22
1766,181354.22
1767,276498.16
1768,145730.1
1769,158366.84
1770,153579.64
1771,126375.94
1772,132223.2
1773,123341.914
1774,166950.56
1775,130827.53
1776,132356.33
1777,105784.72
1778,148702.28
1779,130756.766
1780,164276.42
1781,119643.875
1782,87957.77
1783,125500.33
1784,109488.38
1785,112357.0
1786,128253.26
1787,168629.23
1788,57314.66
1789,105822.8
1790,90943.484
1791,218537.34
1792,145444.64
1793,146110.75
1794,156420.75
1795,125166.484
1796,123980.99
1797,115172.78
1798,111370.805
1799,102667.69
1800,125034.3
1801,116035.7
1802,117054.53
1803,141518.25
1804,136171.25
1805,131428.23
1806,123205.99
1807,127782.555
1808,131554.3
1809,118390.125
1810,128680.63
1811,94687.984
1812,100372.09
1813,106667.445
1814,89101.63
1815,54268.5
1816,101643.36
1817,120903.69
1818,143814.81
1819,117087.14
1820,59773.348
1821,104583.15
1822,136745.69
1823,63102.848
1824,132500.56
1825,134660.36
1826,107984.23
1827,102988.85
1828,126154.86
1829,109501.91
1830,140900.31
1831,138697.34
1832,84082.54
1833,142775.8
1834,114873.445
1835,101215.125
1836,126766.38
1837,108044.555
1838,111244.37
1839,80958.23
1840,151476.16
1841,147423.62
1842,94974.26
1843,127557.6
1844,131882.69
1845,136856.08
1846,146783.31
1847,161059.38
1848,55228.3
1849,150914.36
1850,114344.72
1851,148380.1
1852,111943.18
1853,144815.23
1854,168946.28
1855,151203.12
1856,217666.66
1857,178025.62
1858,133949.9
1859,119340.92
1860,144991.06
1861,118127.14
1862,297296.7
1863,236146.16
1864,236720.28
1865,299271.97
1866,272160.72
1867,206783.92
1868,307069.6
1869,197908.31
1870,207786.34
1871,205719.28
1872,176062.34
1873,244900.88
1874,147682.03
1875,184781.06
1876,191741.9
1877,203766.1
1878,200124.97
1879,153156.16
1880,127416.71
1881,274502.44
1882,251273.9
1883,186330.38
1884,193503.38
1885,209680.9
1886,286045.03
1887,209249.45
1888,266566.84
1889,173710.05
1890,117685.69
1891,131638.48
1892,98563.47
1893,139786.14
1894,118068.92
1895,136493.1
1896,121815.93
1897,134620.98
1898,105500.15
1899,150897.44
1900,148959.06
1901,154397.84
1902,161498.34
1903,171800.25
1904,138660.81
1905,171580.97
1906,157662.72
1907,183640.9
1908,103646.89
1909,130753.305
1910,113957.56
1911,180017.78
1912,239697.28
1913,130701.66
1914,71483.78
1915,243512.66
1916,99949.61
1917,224717.11
1918,145063.92
1919,173770.88
1920,151067.45
1921,380836.38
1922,277706.16
1923,237100.86
1924,197582.0
1925,202431.52
1926,350134.6
1927,138279.19
1928,147603.75
1929,125416.17
1930,111383.234
1931,143237.45
1932,133268.7
1933,191363.38
1934,177713.88
1935,169912.69
1936,188709.16
1937,156575.5
1938,166868.62
1939,229325.69
1940,177493.94
1941,169686.47
1942,161387.03
1943,199439.12
1944,294915.84
1945,324934.6
1946,122017.695
1947,257574.86
1948,191578.78
1949,241127.19
1950,179754.73
1951,229543.89
1952,205846.44
1953,164829.86
1954,174939.31
1955,126862.3
1956,402560.6
1957,146669.84
1958,291077.47
1959,141179.53
1960,116315.41
1961,119351.04
1962,99814.72
1963,119531.83
1964,111217.09
1965,146457.36
1966,124698.13
1967,291451.78
1968,398616.16
1969,382663.22
1970,469010.66
1971,475192.88
1972,365495.66
1973,233242.06
1974,280807.4
1975,488661.9
1976,270321.84
1977,408497.34
1978,361850.72
1979,297410.03
1980,190591.56
1981,329334.06
1982,208148.86
1983,198706.19
1984,159803.75
1985,226187.73
1986,212664.53
1987,179312.11
1988,181780.47
1989,199438.25
1990,206255.81
1991,225800.08
1992,225317.0
1993,173955.77
1994,247403.5
1995,184383.67
1996,239755.2
1997,264447.47
1998,344441.16
1999,233083.12
2000,303111.0
2001,250297.12
2002,238261.06
2003,238544.34
2004,262144.47
2005,204854.78
2006,210620.03
2007,233073.38
2008,206885.17
2009,204541.73
2010,183070.25
2011,140825.47
2012,166221.81
2013,189820.81
2014,188357.48
2015,184453.0
2016,193861.4
2017,190980.22
2018,120663.48
2019,126030.95
2020,106394.95
2021,101405.766
2022,168006.22
2023,164864.94
2024,244471.23
2025,318035.47
2026,178384.0
2027,153257.03
2028,149676.38
2029,151688.33
2030,252765.83
2031,233164.84
2032,230297.78
2033,239429.3
2034,165302.23
2035,205604.94
2036,177461.73
2037,181695.69
2038,258149.78
2039,207081.16
2040,306515.22
2041,223207.03
2042,207581.66
2043,166163.42
2044,160369.34
2045,167080.5
2046,123333.17
2047,129854.44
2048,136905.56
2049,117107.32
2050,149174.88
2051,109003.78
2052,120177.78
2053,139481.83
2054,92096.15
2055,146058.92
2056,130193.89
2057,112125.445
2058,218990.81
2059,131392.08
2060,160605.34
2061,167499.77
2062,127837.91
2063,110687.55
2064,128112.12
2065,132265.42
2066,137150.31
2067,137957.02
2068,120029.27
2069,95446.07
2070,110484.9
2071,102016.64
2072,117643.8
2073,131599.25
2074,116594.51
2075,146357.48
2076,113199.69
2077,142714.34
2078,117306.34
2079,115517.83
2080,105171.58
2081,115565.74
2082,119644.64
2083,146402.08
2084,98654.625
2085,101275.05
2086,115173.58
2087,108853.84
2088,106565.734
2089,74051.84
2090,122455.83
2091,95671.28
2092,115533.414
2093,128609.97
2094,113620.055
2095,123331.13
2096,80511.766
2097,86807.914
2098,120670.164
2099,58929.266
2100,106032.06
2101,101340.31
2102,112892.19
2103,93542.12
2104,134543.83
2105,133550.69
2106,85431.7
2107,227291.47
2108,109202.86
2109,105078.89
2110,145412.28
2111,132981.9
2112,133441.06
2113,111036.44
2114,109473.72
2115,145756.69
2116,109670.19
2117,125568.35
2118,111702.73
2119,103046.11
2120,108216.75
2121,109538.62
2122,115000.81
2123,73691.21
2124,154068.9
2125,118696.09
2126,143576.97
2127,156889.52
2128,123164.27
2129,101441.53
2130,128782.22
2131,108266.055
2132,111422.18
2133,113140.58
2134,112610.8
2135,96958.25
2136,80911.7
2137,116029.336
2138,132806.22
2139,147167.19
2140,137860.48
2141,141683.0
2142,121985.22
2143,165984.55
2144,143003.03
2145,137593.61
2146,168562.72
2147,149583.81
2148,127287.445
2149,142386.75
2150,176408.38
2151,106651.125
2152,169299.47
2153,172597.4
2154,115484.85
2155,149403.33
2156,266517.84
2157,238948.45
2158,231650.11
2159,204627.25
2160,194678.31
2161,225491.38
2162,453788.7
2163,306740.56
2164,226722.5
2165,190393.08
2166,150002.61
2167,203941.34
2168,184885.69
2169,203275.55
2170,171008.28
2171,166035.69
2172,128850.125
2173,181069.67
2174,224058.08
2175,274059.9
2176,300105.97
2177,250348.56
2178,202570.88
2179,144394.56
2180,225836.98
2181,187743.25
2182,204897.02
2183,184973.1
2184,130051.06
2185,139415.69
2186,137627.75
2187,146552.25
2188,150758.38
2189,267276.53
2190,76020.46
2191,77799.89
2192,91181.375
2193,106528.38
2194,96785.516
2195,103706.59
2196,102278.875
2197,121443.8
2198,149805.81
2199,195850.34
2200,139129.98
2201,138471.78
2202,187693.97
2203,143562.11
2204,161809.81
2205,112079.88
2206,140236.38
2207,190115.47
2208,223080.4
2209,189583.53
2210,116025.56
2211,105905.56
2212,102348.25
2213,86077.72
2214,136179.27
2215,90418.1
2216,138749.6
2217,99111.31
2218,83080.914
2219,83814.78
2220,79907.56
2221,245533.89
2222,237794.62
2223,230527.03
2224,184776.72
2225,130768.36
2226,191581.17
2227,206039.72
2228,240071.17
2229,257519.77
2230,147511.72
2231,203711.75
2232,155116.72
2233,186926.36
2234,217550.95
2235,225139.4
2236,293648.3
2237,363595.1
2238,180062.12
2239,117285.9
2240,149487.25
2241,145058.69
2242,125247.05
2243,132719.53
2244,99915.08
2245,94362.39
2246,142647.6
2247,97047.83
2248,123908.49
2249,114552.48
2250,132694.17
2251,174025.36
2252,164544.86
2253,156471.62
2254,169025.22
2255,188177.58
2256,174670.69
2257,181651.9
2258,144320.53
2259,170285.06
2260,146809.47
2261,172680.86
2262,207931.78
2263,327910.6
2264,403016.6
2265,183963.67
2266,247175.53
2267,399403.78
2268,363884.72
2269,154289.86
2270,176750.94
2271,196633.08
2272,173782.25
2273,144209.38
2274,167736.6
2275,151959.69
2276,184733.06
2277,168876.97
2278,137549.47
2279,120217.69
2280,137214.56
2281,168985.55
2282,182914.84
2283,116953.78
2284,101251.55
2285,135916.66
2286,117032.125
2287,318859.2
2288,263722.34
2289,430702.97
2290,466475.75
2291,306815.12
2292,435748.44
2293,502990.66
2294,383734.78
2295,543972.9
2296,309765.66
2297,264735.03
2298,290898.62
2299,393016.53
2300,354293.4
2301,252825.47
2302,255052.7
2303,234019.16
2304,235401.44
2305,211084.31
2306,200823.81
2307,202999.31
2308,212984.88
2309,250982.94
2310,208883.27
2311,203913.78
2312,162876.34
2313,177855.98
2314,166761.88
2315,194453.9
2316,213955.28
2317,173297.75
2318,192822.97
2319,187972.53
2320,181922.05
2321,224189.97
2322,181786.19
2323,192941.19
2324,179524.25
2325,212967.92
2326,171586.22
2327,203620.28
2328,219597.81
2329,191129.16
2330,174412.56
2331,392932.03
2332,343521.84
2333,293781.53
2334,249887.86
2335,257724.8
2336,295492.53
2337,197195.53
2338,277224.8
2339,213167.08
2340,400070.75
2341,221236.52
2342,220663.06
2343,229253.3
2344,206844.27
2345,224505.22
2346,208361.19
2347,199717.25
2348,235825.95
2349,183377.62
2350,271863.38
2351,248413.86
2352,236827.94
2353,278946.72
2354,147428.16
2355,151513.62
2356,155902.77
2357,187795.16
2358,194748.06
2359,128770.3
2360,108909.65
2361,127940.86
2362,308946.4
2363,139830.72
2364,173739.06
2365,214045.62
2366,189986.38
2367,217634.53
2368,205516.38
2369,223136.17
2370,158572.62
2371,158932.81
2372,184110.42
2373,236480.3
2374,295775.16
2375,237972.66
2376,328084.97
2377,285529.72
2378,130784.22
2379,181370.95
2380,144465.42
2381,172450.62
2382,174997.66
2383,185614.12
2384,224487.88
2385,148949.81
2386,136438.12
2387,126553.516
2388,113323.25
2389,116005.05
2390,154632.9
2391,133639.25
2392,106139.76
2393,141973.97
2394,135340.0
2395,178166.89
2396,146177.25
2397,205470.08
2398,146086.44
2399,73130.26
2400,55471.312
2401,113426.38
2402,126807.35
2403,130074.305
2404,147584.05
2405,150469.17
2406,141487.16
2407,124196.37
2408,125296.65
2409,115425.2
2410,154798.16
2411,113226.35
2412,155308.44
2413,120003.55
2414,141336.47
2415,124437.336
2416,123605.99
2417,136827.48
2418,125179.45
2419,119692.695
2420,129235.34
2421,157717.06
2422,99287.7
2423,139596.02
2424,138400.9
2425,290077.2
2426,136348.28
2427,138542.83
2428,188011.36
2429,108241.23
2430,131409.9
2431,112447.13
2432,133050.06
2433,134584.22
2434,126280.375
2435,148208.38
2436,92956.05
2437,102359.74
2438,115931.73
2439,110966.92
2440,110081.23
2441,104666.99
2442,92623.33
2443,115525.8
2444,113628.336
2445,102511.83
2446,137929.56
2447,171709.9
2448,122039.88
2449,108034.0
2450,132546.2
2451,124858.49
2452,205593.53
2453,93790.93
2454,132014.61
2455,127515.46
2456,124573.66
2457,109642.87
2458,120842.74
2459,103979.91
2460,128737.91
2461,103555.664
2462,121127.92
2463,107070.984
2464,147811.84
2465,136959.47
2466,109362.78
2467,122042.984
2468,83827.1
2469,88554.195
2470,173350.28
2471,190911.97
2472,163644.03
2473,125040.58
2474,94200.14
2475,188438.11
2476,109908.73
2477,125021.72
2478,143256.67
2479,122110.58
2480,156902.53
2481,142431.92
2482,123142.59
2483,108444.08
2484,132404.31
2485,108736.52
2486,160254.73
2487,216101.83
2488,151912.25
2489,158394.84
2490,165564.06
2491,98560.74
2492,193365.31
2493,150206.28
2494,152787.8
2495,119121.2
2496,227598.22
2497,138041.0
2498,106557.734
2499,94920.875
2500,131134.12
2501,119664.25
2502,149498.38
2503,101417.555
2504,149958.94
2505,219339.22
2506,249649.67
2507,297352.97
2508,249600.44
2509,204197.84
2510,206164.72
2511,168216.39
2512,196923.69
2513,222563.6
2514,237154.38
2515,144068.31
2516,169206.4
2517,144029.31
2518,168585.22
2519,224631.78
2520,213310.88
2521,189919.6
2522,215114.22
2523,129812.04
2524,138198.7
2525,136228.64
2526,133751.53
2527,125886.18
2528,119625.945
2529,123617.164
2530,120884.08
2531,258389.05
2532,216132.7
2533,186108.72
2534,195437.84
2535,327278.47
2536,219026.66
2537,211124.56
2538,191259.56
2539,184651.62
2540,182328.55
2541,180993.2
2542,176136.38
2543,141421.39
2544,138726.6
2545,136115.11
2546,115961.55
2547,131012.4
2548,153353.03
2549,165202.38
2550,234373.45
2551,133447.86
2552,134295.19
2553,82471.68
2554,98565.47
2555,106685.75
2556,99443.695
2557,115934.0
2558,192080.66
2559,142212.19
2560,122829.89
2561,129411.08
2562,133051.78
2563,136485.98
2564,168828.27
2565,156274.12
2566,156107.31
2567,119998.53
2568,213976.58
2569,178106.0
2570,112357.68
2571,161227.64
2572,140689.88
2573,186078.8
2574,225042.34
2575,106617.516
2576,141849.97
2577,141552.94
2578,70928.73
2579,69333.445
2580,120706.93
2581,121962.35
2582,134988.45
2583,282875.84
2584,184851.81
2585,184506.94
2586,264989.06
2587,187289.0
2588,125260.58
2589,146599.31
2590,217633.61
2591,220425.3
2592,217387.66
2593,244499.4
2594,144473.5
2595,192469.28
2596,315169.56
2597,187626.66
2598,272957.84
2599,289780.66
2600,186220.69
2601,146306.64
2602,84488.375
2603,90695.85
2604,84142.41
2605,83816.58
2606,152050.0
2607,245292.05
2608,233913.94
2609,166351.23
2610,110812.08
2611,163494.06
2612,154493.5
2613,136461.8
2614,123015.6
2615,160193.66
2616,153240.66
2617,194765.83
2618,223793.66
2619,191961.23
2620,183850.69
2621,164989.25
2622,179429.97
2623,241730.05
2624,336423.4
2625,307362.44
2626,165480.81
2627,145259.4
2628,430563.22
2629,465084.16
2630,319961.47
2631,458552.9
2632,383782.1
2633,272303.4
2634,376498.28
2635,158428.11
2636,160001.97
2637,187357.25
2638,283149.16
2639,162676.31
2640,141890.72
2641,110457.08
2642,189277.89
2643,111867.44
2644,117145.77
2645,101882.87
2646,99127.375
2647,117468.8
2648,139309.75
2649,144231.06
2650,116173.17
2651,127290.8
2652,412370.88
2653,220511.75
2654,248786.02
2655,402733.8
2656,292000.88
2657,303996.4
2658,278240.9
2659,284328.03
2660,347541.22
2661,355768.3
2662,344209.7
2663,278771.4
2664,233403.6
2665,310558.0
2666,268586.16
2667,187304.23
2668,187751.55
2669,187683.69
2670,284224.7
2671,192513.84
2672,198318.72
2673,195522.94
2674,188627.9
2675,175015.06
2676,195627.72
2677,192464.0
2678,252255.47
2679,244227.98
2680,261825.72
2681,326074.22
2682,284496.28
2683,357382.75
2684,281641.47
2685,277882.9
2686,247081.56
2687,319894.03
2688,198262.52
2689,206654.0
2690,485887.3
2691,194909.69
2692,149466.53
2693,195057.39
2694,144813.73
2695,186617.61
2696,183580.42
2697,177960.94
2698,243827.72
2699,175574.6
2700,157188.05
2701,148222.83
2702,99676.15
2703,125535.5
2704,136700.64
2705,117513.23
2706,101920.445
2707,117199.83
2708,139986.31
2709,105371.8
2710,130349.22
2711,261167.52
2712,351948.88
2713,172456.16
2714,140150.53
2715,169449.72
2716,152231.56
2717,211980.88
2718,213445.56
2719,146422.28
2720,156767.19
2721,124353.16
2722,159744.9
2723,144299.47
2724,122521.06
2725,128961.83
2726,148195.5
2727,170997.23
2728,183277.6
2729,141016.5
2730,134651.08
2731,124254.945
2732,121109.805
2733,155332.62
2734,147940.66
2735,133197.64
2736,135157.03
2737,116668.94
2738,116915.02
2739,148704.77
2740,125543.06
2741,136623.23
2742,132430.42
2743,156819.95
2744,154249.03
2745,136680.06
2746,138307.1
2747,150097.69
2748,114121.5
2749,130732.68
2750,121493.83
2751,146928.16
2752,179873.03
2753,133749.27
2754,300426.34
2755,121392.29
2756,100449.11
2757,93703.55
2758,84580.37
2759,145322.9
2760,131619.97
2761,141608.83
2762,137289.97
2763,170276.36
2764,152478.53
2765,229211.19
2766,126663.8
2767,84556.12
2768,117033.55
2769,133605.28
2770,121469.81
2771,101170.31
2772,113089.89
2773,168570.47
2774,125006.02
2775,115185.05
2776,117214.39
2777,117155.08
2778,95292.93
2779,123758.62
2780,99230.89
2781,89092.71
2782,94739.92
2783,110085.19
2784,111749.05
2785,128761.21
2786,67583.3
2787,116406.17
2788,84325.81
2789,132862.56
2790,82530.516
2791,92800.97
2792,80788.64
2793,154555.9
2794,98808.09
2795,109077.72
2796,109463.7
2797,215859.3
2798,107668.58
2799,111525.19
2800,70839.63
2801,100686.47
2802,123198.59
2803,156021.44
2804,133335.69
2805,97588.37
2806,88341.555
2807,152189.7
2808,151218.44
2809,131009.94
2810,123522.17
2811,195574.03
2812,147814.34
2813,157458.58
2814,160795.31
2815,117221.766
2816,194551.05
2817,161791.42
2818,136138.22
2819,158169.3
2820,139063.81
2821,109143.71
2822,195897.84
2823,379754.03
2824,195821.66
2825,152145.64
2826,125462.234
2827,132703.78
2828,288653.4
2829,213970.34
2830,235123.06
2831,181769.75
2832,294680.84
2833,279981.4
2834,212069.98
2835,213976.3
2836,186734.45
2837,152449.92
2838,137107.72
2839,170421.83
2840,188014.25
2841,203349.94
2842,212242.28
2843,149700.55
2844,167396.33
2845,111008.375
2846,201417.69
2847,202756.22
2848,226433.31
2849,198292.28
2850,253164.92
2851,203787.33
2852,204588.03
2853,228716.3
2854,144517.62
2855,192302.97
2856,210572.53
2857,187871.55
2858,205468.52
2859,112889.04
2860,129404.84
2861,142473.66
2862,187185.73
2863,128941.484
2864,286072.25
2865,142114.28
2866,136929.25
2867,92065.83
2868,103825.44
2869,99115.88
2870,138788.56
2871,89749.55
2872,55428.086
2873,118201.336
2874,135764.28
2875,111627.266
2876,146324.38
2877,140676.05
2878,160616.95
2879,147573.73
2880,97780.91
2881,146378.88
2882,166035.42
2883,174589.95
2884,169334.62
2885,157594.78
2886,246133.69
2887,102311.484
2888,126844.61
2889,57509.387
2890,81417.36
2891,122207.016
2892,68728.4
2893,97272.836
2894,73382.06
2895,292581.66
2896,245540.81
2897,179955.16
2898,144634.83
2899,185561.31
2900,145330.14
2901,229133.53
2902,190221.81
2903,335247.88
2904,336375.28
2905,130582.625
2906,177581.72
2907,118552.21
2908,121093.41
2909,128491.516
2910,77157.05
2911,85441.92
2912,159114.11
2913,86642.19
2914,74714.125
2915,77799.766
2916,85876.21
2917,181356.84
2918,114672.84
2919,195412.75