Id,GrLivArea,TotalBsmtSF,OverallQual,SaleCondition,SalePrice,cook,rstud,fitted_price,f_paper(GrLivArea>4000),f_rstud>3,f_cook>4/n,f_iso,so_phuong_phap
1299,5642,6110,10,Partial,160000,4.793831370206548,-14.344163525059145,1393581.0,True,True,True,True,4
524,4676,3138,10,Partial,184750,0.44455550253341886,-9.073432951966755,833663.0,True,True,True,True,4
917,480,480,2,Abnorml,35311,0.021314101617750915,-4.015897977382476,70441.0,False,True,True,False,2
496,720,720,4,Abnorml,34900,0.020308919028944317,-4.885801562843297,80772.0,False,True,True,False,2
31,1317,649,4,Normal,40000,0.014827495126791053,-5.389612087373554,100876.0,False,True,True,False,2
969,968,600,3,Abnorml,37900,0.014486639062964381,-3.9190944865422934,74428.0,False,True,True,False,2
458,1663,1364,4,Normal,256000,0.012137671021342148,3.4338143149351597,141640.0,False,True,True,False,2
813,1044,540,5,Alloca,55993,0.010218084826354125,-4.506888116971335,121638.0,False,True,True,False,2
1325,1795,1795,8,Partial,147000,0.0092776878433545,-3.885526604812096,287223.0,False,True,True,False,2
411,1276,1276,5,Abnorml,60000,0.008420475276248868,-4.528820868296913,130858.0,False,True,True,False,2
186,3608,1107,10,Normal,475000,0.008055795752305032,1.2648478770643403,382640.0,False,False,True,True,2
633,1411,1386,7,Family,82500,0.00711556448471041,-4.91597585649665,192187.0,False,True,True,False,2
314,2036,2136,7,Normal,375000,0.006946372861879277,2.6296635986726518,238139.0,False,False,True,True,2
534,334,0,1,Normal,39300,0.006007456011708479,-1.6911011918283338,52598.0,False,False,True,True,2
689,1419,1419,8,Partial,392000,0.005330911108890771,3.086067373665826,230016.0,False,True,True,False,2
770,3279,1650,8,Normal,538000,0.0047267407958816385,1.7175324988194887,399979.0,False,False,True,True,2
463,864,864,5,Normal,62383,0.004161509049499979,-3.517928786009914,114528.0,False,True,True,False,2
1269,3447,728,8,Normal,381000,0.0034068132440202097,1.0782874572828618,316493.0,False,False,True,True,2
179,2234,2216,9,Partial,501837,0.002913285686069283,1.6946119343984587,374377.0,False,False,True,True,2
692,4316,2444,10,Normal,755000,0.001353259654784965,0.6042868477535221,680597.0,True,False,False,True,2
1183,4476,2396,10,Abnorml,745000,0.0003955200481361263,0.31036706645598733,706382.0,True,False,False,True,2
