bien,IQR_1.5,IQR_3 (cực đoan),z>3,%_bang_0,skew,rao_tren_IQR,max
LotFrontage,88,12,12,0.0,2.16,112.0,313.0
LotArea,69,34,13,0.0,12.21,17674.0,215245.0
MasVnrArea,96,25,32,59.3,2.67,415.0,1600.0
BsmtFinSF1,7,1,6,32.0,1.69,1781.0,5644.0
BsmtFinSF2,167,167,50,88.6,4.26,0.0,1474.0
BsmtUnfSF,29,0,11,8.1,0.92,1686.0,2336.0
TotalBsmtSF,61,5,10,2.5,1.52,2052.0,6110.0
1stFlrSF,20,3,12,0.0,1.38,2155.0,4692.0
2ndFlrSF,2,0,4,56.8,0.81,1820.0,2065.0
LowQualFinSF,26,26,20,98.2,9.01,0.0,572.0
GrLivArea,31,4,16,0.0,1.37,2748.0,5642.0
GarageArea,21,3,7,5.5,0.18,938.0,1418.0
WoodDeckSF,32,3,22,52.1,1.54,420.0,857.0
OpenPorchSF,77,18,27,44.9,2.36,170.0,547.0
EnclosedPorch,208,208,51,85.8,3.09,0.0,552.0
3SsnPorch,24,24,23,98.4,10.3,0.0,508.0
ScreenPorch,116,116,55,92.1,4.12,0.0,480.0
PoolArea,7,7,7,99.5,14.83,0.0,738.0
MiscVal,52,52,8,96.4,24.48,0.0,15500.0
